country,total_cases,new_cases,total_cases_per_million,total_deaths,new_deaths,total_deaths_per_million,total_vaccinations,people_vaccinated,people_fully_vaccinated,new_vaccinations,people_fully_vaccinated_per_hundred,code,continent,population,median_age,trend_status,last_update
Western Sahara,,,,,,,,,,,,ESH,Africa,568746.0,31.697999954223636,Insufficient data,2022-04-20
Cote d'Ivoire,,,,,,,25263932.0,13568372.0,12164304.0,,40.020737,CIV,Africa,30395004.0,17.992000579833984,Insufficient data,2023-02-19
Transnistria,,,,,,,,,,,,OWID_TRS,Europe,,,Insufficient data,2023-12-31
Macao,,,,,,,1802985.0,679703.0,642266.0,,91.18433,MAC,Asia,704360.0,37.83100128173828,Insufficient data,2023-12-31
Hong Kong,,,,,,,21012392.0,6920057.0,6803288.0,,91.124664,HKG,Asia,7465913.0,45.59099960327149,Insufficient data,2024-08-12
Taiwan,,,,,,,68158990.0,21899240.0,20793088.0,,88.783066,TWN,Asia,23420107.0,42.91699981689453,Insufficient data,2024-09-23
Togo,39564.0,0.0,4903.4434,290.0,0.0,35.941727,3423181.0,2255579.0,1554066.0,,19.260626,TGO,Africa,8068616.0,18.113000869750977,Insufficient data,2026-04-26
Chile,5410523.0,0.0,276710.16,62892.0,0.0,3216.4832,66864900.0,18088516.0,17700116.0,,90.523636,CHL,South America,19553033.0,35.5260009765625,Improving,2026-04-26
Saint Vincent and the Grenadines,9674.0,0.0,94784.59,124.0,0.0,1214.9359,73443.0,37532.0,31632.0,,30.992622,VCT,North America,102063.0,33.632999420166016,Insufficient data,2026-04-26
Belgium,4908142.0,0.0,421595.97,34339.0,0.0,2949.6262,31469388.0,9261641.0,9170945.0,,78.77591,BEL,Europe,11641814.0,41.1510009765625,Stable,2026-04-26
Saint Lucia,30254.0,0.0,169211.5,410.0,0.0,2293.1418,122977.0,60140.0,54971.0,,30.74544,LCA,North America,178794.0,33.316001892089844,Insufficient data,2026-04-26
Saint Martin (French part),12324.0,0.0,426450.75,46.0,0.0,1591.7506,,,,,,MAF,North America,28899.0,38.400001525878906,Insufficient data,2026-04-26
Bangladesh,2052279.0,0.0,12116.068,29531.0,0.0,174.34259,361742560.0,151507170.0,142201680.0,,83.95181,BGD,Asia,169384891.0,24.989999771118164,Insufficient data,2026-04-26
Congo,25234.0,0.0,4181.2036,389.0,0.0,64.45622,833210.0,695760.0,654119.0,,10.838571,COG,Africa,6035104.0,18.20199966430664,Insufficient data,2026-04-26
Trinidad and Tobago,191496.0,0.0,128011.94,4390.0,0.0,2934.643,1592148.0,754399.0,718969.0,,48.061897,TTO,North America,1495923.0,36.22600173950195,Insufficient data,2026-04-26
Aruba,44224.0,0.0,410271.62,292.0,0.0,2708.921,174914.0,90546.0,84368.0,,78.26926,ABW,North America,107792.0,40.766998291015625,Insufficient data,2026-04-26
Bahrain,696614.0,0.0,454275.94,1536.0,0.0,1001.6564,3476633.0,1241174.0,1226796.0,,80.00182,BHR,Asia,1533460.0,31.683000564575195,Insufficient data,2026-04-26
Saint Pierre and Miquelon,3426.0,0.0,594791.7,2.0,0.0,347.22223,,,,,,SPM,North America,5760.0,45.98899841308594,Insufficient data,2026-04-26
Comoros,9109.0,0.0,10919.562,160.0,0.0,191.8026,835021.0,438825.0,397080.0,,47.60061,COM,Africa,834191.0,20.101999282836918,Insufficient data,2026-04-26
Barbados,109142.0,0.0,386584.22,593.0,0.0,2100.4236,384049.0,163853.0,155047.0,,54.91811,BRB,North America,282324.0,38.652000427246094,Insufficient data,2026-04-26
Tonga,16992.0,0.0,161746.92,13.0,0.0,123.74706,204737.0,87375.0,77390.0,,73.66758,TON,Oceania,105053.0,20.72599983215332,Insufficient data,2026-04-26
Colombia,6403138.0,0.0,123760.97,142809.0,0.0,2760.2373,90931190.0,43012176.0,37204130.0,,71.90879,COL,South America,51737944.0,31.18099975585937,Increasing,2026-04-26
Belarus,994102.0,0.0,108369.78,7118.0,0.0,775.95264,22765402.0,6536392.0,6414996.0,,69.931625,BLR,Europe,9173240.0,40.19200134277344,Stable,2026-04-26
Samoa,17057.0,0.0,79235.375,31.0,0.0,144.0052,453083.0,191403.0,177954.0,,82.66549,WSM,Oceania,215270.0,20.090999603271484,Insufficient data,2026-04-26
China,99381761.0,0.0,69732.8,122398.0,0.0,85.882515,3516880600.0,1318026800.0,1284479600.0,,90.12756,CHN,Asia,1425179562.0,38.53400039672852,Insufficient data,2026-04-26
Tokelau,80.0,0.0,34602.074,0.0,0.0,0.0,5374.0,2203.0,2203.0,,95.28547,TKL,Oceania,2312.0,26.55500030517578,Insufficient data,2026-04-26
Ukraine,5555494.0,0.0,135338.88,109937.0,0.0,2678.2046,35735490.0,16267198.0,15741036.0,,38.347157,UKR,Europe,41048768.0,41.45100021362305,Improving,2026-04-26
San Marino,25292.0,0.0,741418.25,126.0,0.0,3693.6064,69338.0,26357.0,23633.0,,69.27857,SMR,Europe,34113.0,46.78200149536133,Insufficient data,2026-04-26
Sao Tome and Principe,6771.0,0.0,29918.74,80.0,0.0,353.49274,263863.0,140256.0,111986.0,,49.482796,STP,Africa,226313.0,18.86899948120117,Insufficient data,2026-04-26
South Sudan,18873.0,0.0,1712.4308,147.0,0.0,13.337961,4365547.0,4315127.0,4273253.0,,38.773117,SSD,Africa,11021175.0,17.59000015258789,Insufficient data,2026-04-26
Saudi Arabia,841469.0,0.0,26152.598,9646.0,0.0,299.7947,68534630.0,27041364.0,25433940.0,,79.047905,SAU,Asia,32175351.0,28.731000900268555,Insufficient data,2026-04-26
Sweden,2787197.0,0.0,265767.9,29484.0,0.0,2811.391,28312816.0,7775726.0,7593676.0,,72.40806,SWE,Europe,10487335.0,39.72800064086914,Improving,2026-04-26
Slovakia,1889861.0,0.0,345293.94,21401.0,0.0,3910.1475,7222380.0,2840017.0,2791711.0,,51.00697,SVK,Europe,5473195.0,40.90399932861328,Improving,2026-04-26
Cambodia,139326.0,0.0,8099.5386,3056.0,0.0,177.65665,47826644.0,15316670.0,14693274.0,,85.417465,KHM,Asia,17201721.0,25.59600067138672,Insufficient data,2026-04-26
Tuvalu,2943.0,0.0,293947.25,1.0,0.0,99.88014,26783.0,9763.0,9505.0,,94.93607,TUV,Oceania,10012.0,24.256000518798828,Insufficient data,2026-04-26
Bonaire Sint Eustatius and Saba,11922.0,0.0,416067.56,41.0,0.0,1430.8647,35845.0,19109.0,16736.0,,58.407204,BES,North America,28654.0,39.77299880981445,Insufficient data,2026-04-26
Suriname,82519.0,0.0,132417.69,1406.0,0.0,2256.199,554588.0,267820.0,237879.0,,38.172287,SUR,South America,623172.0,27.864999771118164,Insufficient data,2026-04-26
Slovenia,1366908.0,0.0,646221.6,9914.0,0.0,4686.9585,3028400.0,1265802.0,1222225.0,,57.782104,SVN,Europe,2115231.0,43.49700164794922,Improving,2026-04-26
Burundi,54569.0,0.0,4096.433,15.0,0.0,1.126033,42252.0,36909.0,36321.0,,0.27265763,BDI,Africa,13321102.0,15.67199993133545,Insufficient data,2026-04-26
Bosnia and Herzegovina,404289.0,0.0,126151.01,16419.0,0.0,5123.2495,1924950.0,943394.0,846080.0,,26.400383,BIH,Europe,3204802.0,44.55899810791016,Insufficient data,2026-04-26
Sudan,63993.0,0.0,1295.8418,5046.0,0.0,102.1802,28662108.0,15207452.0,13416394.0,,27.167852,SDN,Africa,49383344.0,18.1200008392334,Insufficient data,2026-04-26
Solomon Islands,25954.0,0.0,33228.562,199.0,0.0,254.77707,625956.0,343821.0,254352.0,,32.56435,SLB,Oceania,781075.0,20.030000686645508,Insufficient data,2026-04-26
Burkina Faso,22231.0,0.0,987.6477,400.0,0.0,17.77064,7893609.0,6089089.0,5232347.0,,23.245539,BFA,Africa,22509038.0,17.041000366210938,Insufficient data,2026-04-26
Botswana,330699.0,0.0,135538.2,2801.0,0.0,1148.0002,3171667.0,1951054.0,1663490.0,,68.17876,BWA,Africa,2439895.0,22.60400009155273,Insufficient data,2026-04-26
Somalia,27334.0,0.0,1535.4545,1361.0,0.0,76.45254,10555834.0,8972167.0,7666835.0,,43.06752,SOM,Africa,17801895.0,15.371000289916992,Insufficient data,2026-04-26
Sri Lanka,672812.0,0.0,29464.113,16907.0,0.0,740.39966,40116590.0,17143760.0,14752827.0,,64.60631,LKA,Asia,22834965.0,32.56100082397461,Insufficient data,2026-04-26
Bulgaria,1341090.0,0.0,196471.89,38778.0,0.0,5681.0405,4726614.0,2155863.0,2078006.0,,30.443129,BGR,Europe,6825862.0,44.15399932861328,Improving,2026-04-26
Brazil,38016865.0,0.0,180768.94,703928.0,0.0,3347.1543,516237120.0,189643420.0,176164200.0,,83.76549,BRA,South America,210306411.0,33.50600051879883,Improving,2026-04-26
South Africa,4073188.0,0.0,65298.035,102595.0,0.0,1644.7195,41798812.0,24210952.0,21038796.0,,33.727688,ZAF,Africa,62378417.0,27.91900062561035,Insufficient data,2026-04-26
Brunei,350550.0,0.0,769806.8,182.0,0.0,399.67148,1293100.0,451149.0,446714.0,,98.09827,BRN,Asia,455374.0,31.275999069213867,Insufficient data,2026-04-26
Spain,13980340.0,,292302.16,121886.0,,2548.4028,119228504.0,41351230.0,40739124.0,,85.17771,ESP,Europe,47828386.0,44.391998291015625,Insufficient data,2026-04-26
South Korea,34571873.0,0.0,667636.06,35934.0,0.0,693.9408,129647784.0,44764956.0,44347430.0,,85.64171,KOR,Asia,51782515.0,43.94400024414063,Insufficient data,2026-04-26
Turks and Caicos Islands,6935.0,0.0,151191.44,41.0,0.0,893.84985,73907.0,32815.0,30710.0,,66.95154,TCA,North America,45869.0,37.86600112915039,Insufficient data,2026-04-26
Azerbaijan,836510.0,0.0,81251.586,10353.0,0.0,1005.6038,13857111.0,5373253.0,4862494.0,,47.230198,AZE,Asia,10295307.0,32.0620002746582,Insufficient data,2026-04-26
Austria,6083790.0,0.0,671153.44,22534.0,0.0,2485.9128,20468732.0,6899873.0,6683263.0,,73.72863,AUT,Europe,9064678.0,42.83200073242188,Improving,2026-04-26
Bahamas,39127.0,0.0,98422.305,849.0,0.0,2135.6233,366359.0,174810.0,166972.0,,42.0011,BHS,North America,397542.0,34.23400115966797,Insufficient data,2026-04-26
Cameroon,125325.0,0.0,4535.376,1974.0,0.0,71.43692,4880572.0,3753733.0,3197286.0,,11.570632,CMR,Africa,27632770.0,17.62299919128418,Insufficient data,2026-04-26
Turkmenistan,0.0,0.0,0.0,0.0,0.0,0.0,16775970.0,4614869.0,4568901.0,,63.19193,TKM,Asia,7230197.0,25.93099975585937,Insufficient data,2026-04-26
Thailand,5427444.0,0.0,75659.3,34999.0,0.0,487.89075,142635000.0,57005496.0,53486090.0,,74.56032,THA,Asia,71735321.0,39.19400024414063,Increasing,2026-04-26
Chad,7702.0,0.0,417.33228,194.0,0.0,10.511874,9151765.0,5147667.0,5020360.0,,27.202782,TCD,Africa,18455319.0,15.10200023651123,Insufficient data,2026-04-26
Australia,11861161.0,0.0,452699.0,25236.0,0.0,963.1698,69686750.0,22231734.0,21647524.0,,82.62102,AUS,Oceania,26200987.0,37.512001037597656,Insufficient data,2026-04-26
Belize,71493.0,0.0,177516.08,688.0,0.0,1708.294,511106.0,258473.0,221478.0,,54.992664,BLZ,North America,402741.0,25.520999908447266,Insufficient data,2026-04-26
Senegal,89440.0,0.0,5067.1064,1972.0,0.0,111.72109,3182308.0,2684696.0,1548665.0,,8.77376,SEN,Africa,17651099.0,18.88800048828125,Insufficient data,2026-04-26
Tanzania,43655.0,0.0,674.60626,846.0,0.0,13.073345,39392420.0,34434932.0,32165792.0,,49.706203,TZA,Africa,64711822.0,17.124000549316406,Insufficient data,2026-04-26
Central African Republic,15493.0,0.0,3039.0122,113.0,0.0,22.16539,3342248.0,2600389.0,2484985.0,,48.74395,CAF,Africa,5098038.0,14.29800033569336,Insufficient data,2026-04-26
Benin,28036.0,0.0,2037.573,163.0,0.0,11.8463545,4232541.0,3697190.0,2742837.0,,19.934122,BEN,Africa,13759507.0,17.645999908447266,Insufficient data,2026-04-26
Tajikistan,17786.0,0.0,1746.7689,125.0,0.0,12.276292,20568164.0,5328277.0,5191919.0,,50.99001,TJK,Asia,10182228.0,21.742000579833984,Insufficient data,2026-04-26
Serbia,2568005.0,0.0,378136.3,18057.0,0.0,2658.8762,8534688.0,3354075.0,3278198.0,,48.271156,SRB,Europe,6791215.0,43.67499923706055,Insufficient data,2026-04-26
Cayman Islands,31472.0,0.0,439491.7,37.0,0.0,516.6876,152148.0,62113.0,60696.0,,84.75911,CYM,North America,71610.0,37.499000549316406,Insufficient data,2026-04-26
Turkey,17004726.0,0.0,195325.34,101419.0,0.0,1164.9528,152543340.0,57941052.0,53176960.0,,61.081894,TUR,Asia,87058469.0,32.071998596191406,Insufficient data,2026-04-26
Uganda,172234.0,0.0,3640.332,3632.0,0.0,76.76583,26406936.0,20033188.0,13061126.0,,27.605951,UGA,Africa,47312718.0,16.33799934387207,Insufficient data,2026-04-26
British Virgin Islands,7661.0,0.0,199786.16,64.0,0.0,1669.0137,41453.0,19466.0,18261.0,,47.621655,VGB,North America,38346.0,37.119998931884766,Insufficient data,2026-04-26
Seychelles,51899.0,0.0,413429.12,172.0,0.0,1370.1576,224558.0,88520.0,83565.0,,66.56815,SYC,Africa,125533.0,33.38800048828125,Insufficient data,2026-04-26
Cape Verde,64550.0,0.0,124194.32,417.0,0.0,802.3088,859940.0,356734.0,308720.0,,59.39779,CPV,Africa,519750.0,27.32200050354004,Insufficient data,2026-04-26
Bhutan,62954.0,0.0,80615.07,21.0,0.0,26.891325,2011426.0,699116.0,677669.0,,86.778175,BTN,Asia,780921.0,28.809999465942383,Insufficient data,2026-04-26
Syria,57423.0,0.0,2556.4316,3163.0,0.0,140.81453,5090630.0,3295630.0,2358365.0,,10.499275,SYR,Asia,22462170.0,21.58799934387207,Insufficient data,2026-04-26
Sierra Leone,7985.0,0.0,964.7438,125.0,0.0,15.102439,9155936.0,5676123.0,4961886.0,,59.949265,SLE,Africa,8276809.0,19.040000915527344,Insufficient data,2026-04-26
Canada,4819055.0,0.0,124134.44,55282.0,0.0,1424.0135,102877160.0,34742936.0,31758252.0,,81.80634,CAN,North America,38821259.0,40.25299835205078,Insufficient data,2026-04-26
Bolivia,1212185.0,0.0,100370.07,22389.0,0.0,1853.8304,14690530.0,7361008.0,6160585.0,,51.01023,BOL,South America,12077156.0,24.392000198364254,Stable,2026-04-26
Switzerland,4491924.0,0.0,510899.9,14170.0,0.0,1611.6594,16940716.0,6096911.0,,,,CHE,Europe,8792180.0,41.96099853515625,Improving,2026-04-26
Singapore,3006155.0,0.0,532073.4,2024.0,0.0,358.23718,15302530.0,5287005.0,5248693.0,,92.89906,SGP,Asia,5649888.0,34.87799835205078,Insufficient data,2026-04-26
Sint Maarten (Dutch part),11051.0,0.0,262101.84,92.0,0.0,2182.0078,66829.0,29788.0,26773.0,,63.498802,SXM,North America,42163.0,41.47999954223633,Insufficient data,2026-04-26
Bermuda,18860.0,0.0,291175.2,165.0,0.0,2547.397,136759.0,48554.0,47657.0,,73.576546,BMU,North America,64772.0,44.70299911499024,Insufficient data,2026-04-26
Kenya,344162.0,0.0,6343.7124,5689.0,0.0,104.86161,23750432.0,14494372.0,11090440.0,,20.442282,KEN,Africa,54252458.0,19.27199935913086,Insufficient data,2026-04-26
United States Virgin Islands,25389.0,0.0,293443.22,132.0,0.0,1525.6411,,,,,,VIR,North America,86521.0,44.57099914550781,Insufficient data,2026-04-26
Saint Kitts and Nevis,6607.0,0.0,141380.64,46.0,0.0,984.33624,64297.0,33794.0,27000.0,,57.776257,KNA,North America,46732.0,34.97100067138672,Insufficient data,2026-04-26
Guam,52287.0,0.0,316520.7,419.0,0.0,2536.427,,,,,,GUM,Oceania,165193.0,30.979999542236328,Insufficient data,2026-04-26
Mayotte,42027.0,0.0,137667.52,187.0,0.0,612.55444,,,,,,MYT,Africa,305279.0,16.697999954223633,Insufficient data,2026-04-26
Guatemala,1255440.0,0.0,70341.14,20205.0,0.0,1132.0674,20383476.0,8937923.0,7130895.0,,39.953743,GTM,North America,17847877.0,22.24399948120117,Stable,2026-04-26
Mauritius,332300.0,0.0,260395.86,1074.0,0.0,841.60443,2616012.0,1123773.0,1088142.0,,85.26863,MUS,Africa,1276134.0,36.51300048828125,Insufficient data,2026-04-26
Mauritania,63891.0,0.0,13104.115,997.0,0.0,204.48581,4075874.0,2103754.0,1540597.0,,31.597816,MRT,Africa,4875644.0,16.992000579833984,Insufficient data,2026-04-26
Guernsey,35326.0,0.0,554133.3,67.0,0.0,1050.9803,178525.0,54223.0,52710.0,,82.68235,GGY,Europe,63750.0,43.880001068115234,Insufficient data,2026-04-26
Martinique,230354.0,0.0,659167.5,1104.0,0.0,3159.1418,,,,,,MTQ,North America,349462.0,48.23899841308594,Insufficient data,2026-04-26
Guinea,38594.0,0.0,2745.9001,468.0,0.0,33.297436,12049511.0,8715641.0,5853990.0,,41.650185,GIN,Africa,14055136.0,17.836000442504883,Insufficient data,2026-04-26
Marshall Islands,16297.0,0.0,406469.78,17.0,0.0,424.0036,,,,,,MHL,Oceania,40094.0,20.96500015258789,Insufficient data,2026-04-26
Vietnam,11624000.0,0.0,116612.4,43206.0,0.0,433.44418,266492140.0,90497670.0,85961570.0,,86.23695,VNM,Asia,99680656.0,31.9379997253418,Insufficient data,2026-04-26
Guinea-Bissau,9614.0,0.0,4566.0605,177.0,0.0,84.06415,920752.0,747057.0,547637.0,,26.0094,GNB,Africa,2105535.0,18.732999801635746,Insufficient data,2026-04-26
Malta,125310.0,0.0,237242.38,1128.0,0.0,2135.5789,1408793.0,478953.0,471565.0,,89.27875,MLT,Europe,528194.0,39.74599838256836,Stable,2026-04-26
Algeria,272440.0,0.0,5990.669,6881.0,0.0,151.30595,15267442.0,7840131.0,6481186.0,,14.251447,DZA,Africa,45477391.0,27.982999801635746,Insufficient data,2026-04-26
Guyana,75520.0,0.0,91913.96,1312.0,0.0,1596.8103,967861.0,497550.0,384507.0,,46.797615,GUY,South America,821638.0,25.304000854492188,Insufficient data,2026-04-26
Mali,33236.0,0.0,1440.494,743.0,0.0,32.20264,5922585.0,4354292.0,3633589.0,,15.748474,MLI,Africa,23072641.0,15.348999977111816,Insufficient data,2026-04-26
American Samoa,8359.0,0.0,172831.6,34.0,0.0,702.9877,,,,,,ASM,Oceania,48365.0,27.927000045776367,Insufficient data,2026-04-26
Haiti,34901.0,0.0,3033.919,860.0,0.0,74.759186,680104.0,521396.0,366339.0,,3.1845589,HTI,North America,11503603.0,23.25,Insufficient data,2026-04-26
Mexico,7630014.0,0.0,59325.316,335105.0,0.0,2605.5273,223158990.0,97179496.0,81849960.0,,63.640446,MEX,North America,128613116.0,28.527999877929688,Increasing,2026-04-26
Venezuela,552745.0,0.0,19591.844,5856.0,0.0,207.56378,37860990.0,22157232.0,14966671.0,,53.048817,VEN,South America,28213015.0,28.809999465942383,Insufficient data,2026-04-26
Germany,38437953.0,,457125.44,174979.0,,2080.9473,193241460.0,64876300.0,63566136.0,,75.596375,DEU,Europe,84086227.0,45.02399826049805,Insufficient data,2026-04-26
Morocco,1279115.0,0.0,34265.92,16305.0,0.0,436.791,55389600.0,25020168.0,23521988.0,,63.012527,MAR,Africa,37329068.0,28.875,Insufficient data,2026-04-26
Ghana,172843.0,0.0,5214.1,1463.0,0.0,44.133858,25624828.0,13864186.0,10780003.0,,32.519695,GHA,Africa,33149152.0,20.73600006103516,Insufficient data,2026-04-26
Montserrat,1403.0,0.0,313449.5,8.0,0.0,1787.31,4619.0,2104.0,1952.0,,43.610367,MSR,North America,4476.0,41.3849983215332,Insufficient data,2026-04-26
Vatican,26.0,0.0,50682.26,0.0,0.0,0.0,,,,,,VAT,Europe,513.0,59.875,Insufficient data,2026-04-26
Andorra,48015.0,0.0,602280.44,159.0,0.0,1994.4307,157072.0,57913.0,53501.0,,67.10946,AND,Europe,79722.0,42.83200073242188,Insufficient data,2026-04-26
Gibraltar,20550.0,0.0,546092.3,113.0,0.0,3002.8435,132810.0,42175.0,41465.0,,110.18841,GIB,Europe,37631.0,38.948001861572266,Insufficient data,2026-04-26
Montenegro,251280.0,0.0,408818.7,2654.0,0.0,4317.9116,679171.0,292783.0,284869.0,,46.346615,MNE,Europe,614649.0,39.08000183105469,Insufficient data,2026-04-26
Greece,5865800.0,0.0,563343.2,40252.0,0.0,3865.7454,22467978.0,7938031.0,7647076.0,,73.44144,GRC,Europe,10412481.0,45.39099884033203,Improving,2026-04-26
Mongolia,1011489.0,0.0,298725.5,2136.0,0.0,630.83,5668144.0,2284018.0,2185282.0,,64.53846,MNG,Asia,3386015.0,26.617000579833984,Insufficient data,2026-04-26
Monaco,17181.0,0.0,441103.97,67.0,0.0,1720.154,71929.0,28875.0,25667.0,,65.8973,MCO,Europe,38950.0,54.97499847412109,Insufficient data,2026-04-26
Greenland,11971.0,0.0,213714.42,21.0,0.0,374.90628,79738.0,41227.0,38511.0,,68.75246,GRL,North America,56014.0,33.92399978637695,Insufficient data,2026-04-26
Moldova,656460.0,0.0,215941.78,12290.0,0.0,4042.7817,2293086.0,1109524.0,1078961.0,,35.492302,MDA,Europe,3039986.0,37.47800064086914,Insufficient data,2026-04-26
Grenada,19693.0,0.0,168419.88,238.0,0.0,2035.4407,90686.0,44241.0,39034.0,,33.38294,GRD,North America,116928.0,32.88600158691406,Insufficient data,2026-04-26
Micronesia (country),31765.0,0.0,283307.47,62.0,0.0,552.9691,,,,,,FSM,Oceania,112122.0,22.607999801635746,Insufficient data,2026-04-26
Guadeloupe,203235.0,0.0,528292.0,1021.0,0.0,2654.0022,,,,,,GLP,North America,384702.0,45.86299896240234,Insufficient data,2026-04-26
Maldives,186694.0,0.0,356207.4,316.0,0.0,602.92,951764.0,399308.0,385167.0,,73.488884,MDV,Asia,524116.0,30.339000701904297,Insufficient data,2026-04-26
Malaysia,5329836.0,0.0,153617.53,37351.0,0.0,1076.5375,72657256.0,28138564.0,27551144.0,,79.40842,MYS,Asia,34695494.0,29.572999954223636,Insufficient data,2026-04-26
Kazakhstan,1504370.0,0.0,75088.555,19072.0,0.0,951.9526,38355604.0,10858101.0,10629063.0,,53.0535,KAZ,Asia,20034612.0,29.347999572753903,Insufficient data,2026-04-26
Ireland,1754164.0,0.0,343279.62,9778.0,0.0,1913.4973,11148281.0,4112237.0,4065584.0,,79.5611,IRL,Europe,5110015.0,37.99700164794922,Stable,2026-04-26
Lebanon,1239904.0,0.0,215842.23,10947.0,0.0,1905.6515,5814699.0,2740227.0,2414223.0,,42.026745,LBN,Asia,5744492.0,28.106000900268555,Insufficient data,2026-04-26
Isle of Man,38008.0,0.0,451680.38,116.0,0.0,1378.5236,189994.0,69560.0,67106.0,,79.74759,IMN,Europe,84148.0,45.47600173950195,Insufficient data,2026-04-26
Latvia,977803.0,0.0,519815.16,7739.0,0.0,4114.172,2979624.0,1346184.0,1305976.0,,69.4277,LVA,Europe,1881059.0,42.94599914550781,Insufficient data,2026-04-26
Israel,4841703.0,0.0,531871.56,12707.0,0.0,1395.8915,18852564.0,7055466.0,6385731.0,,70.14864,ISR,Asia,9103143.0,29.086000442504883,Insufficient data,2026-04-26
Laos,219060.0,0.0,28979.992,671.0,0.0,88.768265,11111066.0,5888649.0,5222417.0,,69.08865,LAO,Asia,7559008.0,23.972000122070312,Insufficient data,2026-04-26
Zambia,349892.0,0.0,17361.838,4078.0,0.0,202.35266,13615707.0,11711565.0,9213802.0,,45.719406,ZMB,Africa,20152935.0,17.288000106811523,Insufficient data,2026-04-26
Italy,26969913.0,0.0,452370.3,198523.0,0.0,3329.8555,150321540.0,50936720.0,49484584.0,,83.00122,ITA,Europe,59619106.0,47.11600112915039,Insufficient data,2026-04-26
Kyrgyzstan,88953.0,0.0,12788.335,1024.0,0.0,147.21544,3661335.0,1736541.0,1406016.0,,20.2136,KGZ,Asia,6955792.0,24.975000381469727,Insufficient data,2026-04-26
Jamaica,157667.0,0.0,55533.17,3634.0,0.0,1279.9606,1529113.0,859773.0,760800.0,,26.796753,JAM,North America,2839150.0,31.152999877929688,Insufficient data,2026-04-26
Kuwait,667290.0,0.0,145394.48,2570.0,0.0,559.97217,8261221.0,3457498.0,3346176.0,,72.90916,KWT,Asia,4589514.0,33.4630012512207,Insufficient data,2026-04-26
Kosovo,274279.0,0.0,159654.83,3212.0,0.0,1869.6703,1837446.0,906858.0,825082.0,,48.027126,OWID_KOS,Europe,1717950.0,30.808000564575195,Insufficient data,2026-04-26
Japan,33803572.0,0.0,270433.8,74694.0,0.0,597.56354,433356600.0,104740060.0,103455224.0,,82.76578,JPN,Asia,124997585.0,48.54800033569336,Insufficient data,2026-04-26
Kiribati,5085.0,0.0,38970.594,24.0,0.0,183.932,219980.0,100900.0,81474.0,,62.44032,KIR,Oceania,130483.0,22.52899932861328,Insufficient data,2026-04-26
Jersey,66391.0,0.0,641502.3,161.0,0.0,1555.6608,266953.0,84365.0,81882.0,,79.11839,JEY,Europe,103493.0,42.867000579833984,Insufficient data,2026-04-26
Afghanistan,235214.0,0.0,5796.4683,7998.0,0.0,197.09776,22964750.0,19151368.0,18370386.0,,45.270844,AFG,Asia,40578847.0,16.75200080871582,Insufficient data,2026-04-26
Lesotho,36140.0,0.0,15808.499,709.0,0.0,310.13354,1339097.0,1014073.0,938088.0,,41.03421,LSO,Africa,2286112.0,21.263999938964844,Insufficient data,2026-04-26
Liberia,7932.0,0.0,1476.1886,294.0,0.0,54.71501,4460668.0,3903802.0,3730967.0,,69.43534,LBR,Africa,5373297.0,18.18000030517578,Insufficient data,2026-04-26
Iraq,2465545.0,0.0,55945.402,25375.0,0.0,575.78125,19557364.0,11332925.0,7944775.0,,18.0274,IRQ,Asia,44070556.0,20.093000411987305,Insufficient data,2026-04-26
Jordan,1746997.0,0.0,155202.14,14122.0,0.0,1254.5897,10057975.0,4821579.0,4558313.0,,40.495773,JOR,Asia,11256269.0,23.94300079345703,Insufficient data,2026-04-26
Honduras,473042.0,0.0,45207.133,11114.0,0.0,1062.1299,17074860.0,6596213.0,5853689.0,,55.94186,HND,North America,10463880.0,23.20599937438965,Insufficient data,2026-04-26
Malawi,89168.0,0.0,4335.124,2686.0,0.0,130.58656,8503954.0,5433538.0,4288014.0,,20.847246,MWI,Africa,20568731.0,17.334999084472656,Insufficient data,2026-04-26
Wallis and Futuna,3760.0,0.0,326928.1,9.0,0.0,782.54065,18058.0,7150.0,6803.0,,59.15138,WLF,Oceania,11501.0,36.5989990234375,Insufficient data,2026-04-26
Hungary,2240865.0,0.0,231391.34,49124.0,0.0,5072.536,16701238.0,6420354.0,6206710.0,,64.090385,HUN,Europe,9684308.0,42.99300003051758,Improving,2026-04-26
Madagascar,68853.0,0.0,2262.1287,1428.0,0.0,46.91618,3092063.0,2710365.0,2628849.0,,8.636944,MDG,Africa,30437261.0,18.718000411987305,Insufficient data,2026-04-26
Iceland,211288.0,0.0,555483.1,186.0,0.0,489.00012,903424.0,309770.0,297934.0,,78.32783,ISL,Europe,380368.0,35.74700164794922,Improving,2026-04-26
Mozambique,233935.0,0.0,7163.5615,2252.0,0.0,68.960785,34950856.0,22869646.0,21329744.0,,65.31598,MOZ,Africa,32656242.0,16.249000549316406,Insufficient data,2026-04-26
Luxembourg,401645.0,0.0,614780.0,1000.0,0.0,1530.6552,1374547.0,481957.0,37868.0,,5.796285,LUX,Europe,653315.0,38.67599868774414,Stable,2026-04-26
India,45056221.0,0.0,31609.014,533849.0,0.0,374.51965,2206868000.0,1027438900.0,951990500.0,,66.78652,IND,Asia,1425423209.0,27.68400001525879,Insufficient data,2026-04-26
Lithuania,1448915.0,0.0,514360.88,9930.0,0.0,3525.123,4604858.0,1958299.0,1881106.0,,66.77875,LTU,Europe,2816923.0,42.632999420166016,Stable,2026-04-26
Indonesia,6830274.0,0.0,24496.148,162059.0,0.0,581.20966,448199870.0,204419400.0,174965140.0,,62.749634,IDN,Asia,278830527.0,29.56100082397461,Insufficient data,2026-04-26
Liechtenstein,21649.0,0.0,550333.0,89.0,0.0,2262.4434,74337.0,26771.0,,,,LIE,Europe,39338.0,44.01399993896485,Insufficient data,2026-04-26
Iran,7627863.0,0.0,85204.44,146837.0,0.0,1640.1925,155461760.0,65199830.0,58585264.0,,65.44067,IRN,Asia,89524247.0,32.340999603271484,Insufficient data,2026-04-26
Libya,507269.0,0.0,70221.87,6437.0,0.0,891.0818,3739158.0,2316327.0,1236102.0,,17.111511,LBY,Africa,7223804.0,26.91699981689453,Insufficient data,2026-04-26
Yemen,11945.0,0.0,312.5092,2159.0,0.0,56.484497,1298654.0,1050202.0,807057.0,,2.1114502,YEM,Asia,38222878.0,18.118000030517575,Insufficient data,2026-04-26
Albania,337234.0,0.0,119264.51,3608.0,0.0,1275.9874,3088966.0,1349255.0,1279333.0,,45.24426,ALB,Europe,2827614.0,35.94300079345703,Insufficient data,2026-04-26
Georgia,1864337.0,0.0,491289.62,17151.0,0.0,4519.6274,2930677.0,1654504.0,1276173.0,,33.62968,GEO,Asia,3794782.0,36.63399887084961,Insufficient data,2026-04-26
Myanmar,643401.0,0.0,11968.739,19494.0,0.0,362.63324,93477100.0,41551930.0,35937796.0,,66.85257,MMR,Asia,53756791.0,29.250999450683597,Insufficient data,2026-04-26
Namibia,172557.0,0.0,59715.164,4110.0,0.0,1422.3087,1005937.0,629767.0,550978.0,,19.067173,NAM,Africa,2889668.0,20.825000762939453,Insufficient data,2026-04-26
Poland,6843546.0,0.0,178283.58,120987.0,0.0,3151.874,58634590.0,22984544.0,22705868.0,,59.15184,POL,Europe,38385734.0,40.86399841308594,Improving,2026-04-26
Djibouti,15690.0,0.0,13798.247,189.0,0.0,166.21214,723789.0,421573.0,401208.0,,35.28341,DJI,Africa,1137101.0,24.084999084472656,Insufficient data,2026-04-26
Pitcairn,4.0,0.0,88888.89,0.0,0.0,0.0,,,,,,PCN,Oceania,,,Insufficient data,2026-04-26
United States,103436829.0,,302859.5,1237889.0,0.0,3624.4966,676728770.0,270227170.0,230637340.0,,67.52983,USA,North America,341534041.0,37.720001220703125,Insufficient data,2026-04-26
Dominica,16047.0,0.0,240055.66,74.0,0.0,1107.0055,67647.0,32995.0,30659.0,,45.864437,DMA,North America,66847.0,35.29499816894531,Insufficient data,2026-04-26
Philippines,4140383.0,0.0,36330.51,66864.0,0.0,586.70984,189317150.0,82684776.0,78443970.0,,68.83203,PHL,Asia,113964343.0,24.86599922180176,Insufficient data,2026-04-26
Argentina,10119291.0,0.0,222853.08,130845.0,0.0,2881.5469,116978520.0,41529056.0,34900612.0,,76.860214,ARG,South America,45407904.0,31.73900032043457,Stable,2026-04-26
Dominican Republic,661103.0,0.0,58865.52,4384.0,0.0,390.3574,16431089.0,7367193.0,6130483.0,,54.586662,DOM,North America,11230734.0,27.316999435424805,Insufficient data,2026-04-26
Peru,4533765.0,0.0,135435.58,221071.0,0.0,6603.9766,91412580.0,30563708.0,28709644.0,,85.76331,PER,South America,33475436.0,29.09600067138672,Improving,2026-04-26
East Timor,23460.0,0.0,17132.854,138.0,0.0,100.781494,2028798.0,886838.0,801759.0,,58.552513,TLS,Asia,1369299.0,20.63999938964844,Insufficient data,2026-04-26
Paraguay,735759.0,0.0,108832.68,19880.0,0.0,2940.6284,9954852.0,3995915.0,3550673.0,,52.521175,PRY,South America,6760460.0,26.045000076293945,Insufficient data,2026-04-26
Ecuador,1082068.0,0.0,60708.824,36064.0,0.0,2023.3507,39585084.0,15345791.0,14249559.0,,79.94636,ECU,South America,17823900.0,27.975000381469727,Insufficient data,2026-04-26
Papua New Guinea,46864.0,0.0,4593.079,670.0,0.0,65.665825,737695.0,382020.0,321192.0,,3.1479607,PNG,Oceania,10203177.0,22.12700080871582,Insufficient data,2026-04-26
Egypt,516023.0,0.0,4582.0547,24830.0,0.0,220.47935,112673540.0,56907320.0,42337176.0,,37.59353,EGY,Africa,112618252.0,23.8129997253418,Insufficient data,2026-04-26
Panama,1045682.0,0.0,237613.14,8834.0,0.0,2007.3737,9201276.0,3746041.0,3178700.0,,72.23046,PAN,North America,4400775.0,29.27300071716309,Increasing,2026-04-26
Portugal,5671586.0,0.0,544450.94,29658.0,0.0,2847.0566,28314796.0,9821414.0,8909769.0,,85.53044,PRT,Europe,10417074.0,45.805999755859375,Insufficient data,2026-04-26
Denmark,3453661.0,0.0,585078.56,10012.0,0.0,1696.1152,14961517.0,4746522.0,4712002.0,,79.82519,DNK,Europe,5902901.0,41.21599960327149,Improving,2026-04-26
Puerto Rico,1252713.0,0.0,386523.84,5938.0,0.0,1832.1664,,,,,,PRI,North America,3240972.0,45.196998596191406,Insufficient data,2026-04-26
Democratic Republic of Congo,101010.0,0.0,986.45496,1474.0,0.0,14.394957,18808672.0,17045720.0,14399520.0,,14.062447,COD,Africa,102396974.0,15.765999794006348,Insufficient data,2026-04-26
United Arab Emirates,1067030.0,0.0,104180.94,2349.0,0.0,229.34784,24922054.0,9991089.0,9792266.0,,95.60813,ARE,Asia,10242085.0,30.902999877929688,Insufficient data,2026-04-26
Costa Rica,1242697.0,0.0,244540.48,9396.0,0.0,1848.9642,13576935.0,4650636.0,4369784.0,,85.98951,CRI,North America,5081764.0,33.5359992980957,Improving,2026-04-26
Saint Helena,2166.0,0.0,403427.1,0.0,0.0,0.0,7892.0,4361.0,3531.0,,65.76643,SHN,Africa,5369.0,50.2140007019043,Insufficient data,2026-04-26
Croatia,1371630.0,0.0,351067.1,18805.0,0.0,4813.1177,5435966.0,2323025.0,2251809.0,,57.63479,HRV,Europe,3907031.0,44.61100006103516,Improving,2026-04-26
Saint Barthelemy,5507.0,0.0,503014.25,5.0,0.0,456.7044,,,,,,BLM,North America,10948.0,38.70700073242188,Insufficient data,2026-04-26
Cuba,1113834.0,0.0,100709.94,8530.0,0.0,771.26013,45995748.0,10805570.0,10053658.0,,90.90253,CUB,North America,11059822.0,41.505001068115234,Insufficient data,2026-04-26
Rwanda,133274.0,0.0,9762.93,1468.0,0.0,107.53771,27322060.0,10884714.0,10399665.0,,76.182304,RWA,Africa,13651025.0,19.21999931335449,Insufficient data,2026-04-26
Palestine,703228.0,0.0,132552.62,5708.0,0.0,1075.9105,3748571.0,2012767.0,1776973.0,,33.49446,PSE,Asia,5305274.0,19.604999542236328,Insufficient data,2026-04-26
Russia,24901467.0,0.0,171050.19,404290.0,0.0,2777.1006,187374510.0,89081600.0,79702400.0,,54.74822,RUS,Europe,145579889.0,39.07099914550781,Insufficient data,2026-04-26
Romania,3604014.0,0.0,188034.44,69095.0,0.0,3604.936,16827486.0,5474507.0,8114769.0,,42.337685,ROU,Europe,19166776.0,42.39099884033203,Improving,2026-04-26
Cyprus,718876.0,0.0,764455.94,1364.0,0.0,1450.4836,1891597.0,671193.0,656138.0,,69.774,CYP,Europe,1331376.0,37.3390007019043,Stable,2026-04-26
Reunion,494595.0,0.0,567493.5,921.0,0.0,1056.7465,,,,,,REU,Africa,871543.0,37.06499862670898,Insufficient data,2026-04-26
United Kingdom,25116977.0,0.0,368395.84,232112.0,0.0,3404.4343,151248820.0,53806964.0,50745900.0,,74.43005,GBR,Europe,68179315.0,39.50400161743164,Improving,2026-04-26
Armenia,454898.0,0.0,157902.45,8785.0,0.0,3049.4155,2256919.0,1150915.0,1030758.0,,35.779274,ARM,Asia,2880880.0,35.814998626708984,Insufficient data,2026-04-26
Czechia,4887225.0,0.0,457896.2,43931.0,0.0,4116.004,19047108.0,6982006.0,6895763.0,,64.60811,CZE,Europe,10673216.0,42.64500045776367,Stable,2026-04-26
Qatar,514524.0,0.0,177884.2,690.0,0.0,238.55077,7609178.0,2852178.0,2852178.0,,98.60714,QAT,Asia,2892466.0,32.45800018310547,Insufficient data,2026-04-26
Curacao,45883.0,0.0,247547.88,305.0,0.0,1645.5355,260324.0,108601.0,100885.0,,54.42946,CUW,North America,185350.0,37.95399856567383,Insufficient data,2026-04-26
Cook Islands,7375.0,0.0,500101.72,2.0,0.0,135.6208,40854.0,15112.0,14728.0,,99.87116,COK,Oceania,14747.0,34.10900115966797,Insufficient data,2026-04-26
Tunisia,1153361.0,0.0,95167.0,29423.0,0.0,2427.773,16553338.0,8896848.0,6401841.0,,52.823357,TUN,Africa,12119338.0,31.74399948120117,Insufficient data,2026-04-26
Palau,6372.0,0.0,358299.6,10.0,0.0,562.3032,,,,,,PLW,Oceania,17784.0,37.48400115966797,Insufficient data,2026-04-26
Uzbekistan,175158.0,0.0,5013.2583,1016.0,0.0,29.079292,83937950.0,22094470.0,18451780.0,,52.81149,UZB,Asia,34938953.0,26.836000442504883,Insufficient data,2026-04-26
Finland,1518514.0,0.0,272657.97,11466.0,0.0,2058.7866,13327120.0,4524288.0,4347113.0,,78.054924,FIN,Europe,5569300.0,42.5260009765625,Improving,2026-04-26
Nicaragua,16807.0,0.0,2497.0798,245.0,0.0,36.40058,15507763.0,6404524.0,6126708.0,,91.026825,NIC,North America,6730662.0,24.91200065612793,Insufficient data,2026-04-26
New Zealand,2668236.0,0.0,519948.53,4538.0,0.0,884.302,13382576.0,4302330.0,4291717.0,,83.63098,NZL,Oceania,5131731.0,37.06800079345703,Insufficient data,2026-04-26
Angola,107487.0,0.0,3016.3298,1937.0,0.0,54.35663,27819132.0,16550642.0,9609080.0,,26.965265,AGO,Africa,35635028.0,16.389999389648438,Insufficient data,2026-04-26
France,39060272.0,,607682.7,168207.0,,2616.8914,158060080.0,54677680.0,53192480.0,,80.257324,FRA,Europe,66277412.0,41.56700134277344,Insufficient data,2026-04-26
New Caledonia,80203.0,0.0,279326.44,314.0,0.0,1093.5813,480702.0,192375.0,184816.0,,64.36666,NCL,Oceania,287130.0,33.5890007019043,Insufficient data,2026-04-26
French Guiana,98041.0,0.0,328644.84,413.0,0.0,1384.4241,,,,,,GUF,South America,298319.0,25.23500061035156,Insufficient data,2026-04-26
Netherlands,8657462.0,0.0,483537.66,22986.0,0.0,1283.817,39764184.0,12582081.0,11768644.0,,65.73038,NLD,Europe,17904421.0,41.4630012512207,Improving,2026-04-26
French Polynesia,79451.0,0.0,283360.9,650.0,0.0,2318.216,502952.0,190908.0,186803.0,,66.62304,PYF,Oceania,280388.0,34.15999984741211,Insufficient data,2026-04-26
Nepal,1003968.0,0.0,33786.08,12034.0,0.0,404.97473,62627628.0,27883196.0,24471044.0,,82.35129,NPL,Asia,29715435.0,24.356000900268555,Insufficient data,2026-04-26
Vanuatu,12019.0,0.0,38391.88,14.0,0.0,44.71972,366638.0,176624.0,162250.0,,51.82696,VUT,Oceania,313061.0,20.121000289916992,Insufficient data,2026-04-26
Gabon,49069.0,0.0,20186.773,307.0,0.0,126.29847,572672.0,311244.0,257471.0,,10.592245,GAB,Africa,2430750.0,21.475000381469727,Insufficient data,2026-04-26
Nauru,5393.0,0.0,456183.38,1.0,0.0,84.58806,32157.0,13106.0,11346.0,,95.97361,NRU,Oceania,11822.0,20.572999954223636,Insufficient data,2026-04-26
Gambia,12627.0,0.0,4789.355,372.0,0.0,141.09766,1444492.0,674314.0,539186.0,,20.451042,GMB,Africa,2636472.0,17.985000610351562,Insufficient data,2026-04-26
Niger,9591.0,0.0,378.91153,315.0,0.0,12.444701,7372208.0,6248483.0,5483001.0,,21.661686,NER,Africa,25311978.0,15.10200023651123,Insufficient data,2026-04-26
Fiji,69047.0,0.0,75097.78,885.0,0.0,962.555,1555182.0,712025.0,641194.0,,69.73836,FJI,Oceania,919428.0,27.475000381469727,Insufficient data,2026-04-26
Nigeria,267237.0,0.0,1197.5618,3155.0,0.0,14.138414,133048024.0,93829430.0,81297810.0,,36.431763,NGA,Africa,223150906.0,17.566999435424805,Insufficient data,2026-04-26
Faroe Islands,34658.0,0.0,641351.6,28.0,0.0,518.1443,103894.0,41715.0,40895.0,,75.67683,FRO,Europe,54039.0,37.53799819946289,Insufficient data,2026-04-26
Antigua and Barbuda,9106.0,0.0,98072.16,146.0,0.0,1572.4286,136512.0,64290.0,62384.0,,67.187935,ATG,North America,92850.0,35.071998596191406,Insufficient data,2026-04-26
Equatorial Guinea,17130.0,0.0,9497.939,183.0,0.0,101.466606,488738.0,270109.0,214032.0,,11.867269,GNQ,Africa,1803549.0,21.016000747680664,Insufficient data,2026-04-26
Pakistan,1580631.0,0.0,6485.9526,30656.0,0.0,125.79366,340974140.0,165567890.0,140475870.0,,57.64279,PAK,Asia,243700667.0,20.14800071716309,Insufficient data,2026-04-26
Eritrea,10189.0,0.0,2988.4585,103.0,0.0,30.210152,,,,,,ERI,Africa,3409450.0,18.405000686645508,Insufficient data,2026-04-26
Oman,399449.0,0.0,84446.016,4628.0,0.0,978.3881,7108547.0,3279632.0,3048826.0,,64.45409,OMN,Asia,4730229.0,28.972999572753903,Insufficient data,2026-04-26
Estonia,617803.0,0.0,457600.34,3439.0,0.0,2547.232,2171520.0,870202.0,862739.0,,63.90219,EST,Europe,1350093.0,41.625,Improving,2026-04-26
Norway,1552139.0,0.0,284441.47,5732.0,0.0,1050.4332,13020641.0,4346995.0,4061312.0,,74.42668,NOR,Europe,5456796.0,39.43600082397461,Stable,2026-04-26
El Salvador,202066.0,0.0,32174.496,4230.0,0.0,673.53296,11459448.0,4659970.0,4397817.0,,70.025406,SLV,North America,6280316.0,26.51000022888184,Insufficient data,2026-04-26
Uruguay,1043250.0,0.0,307660.5,7696.0,0.0,2269.5952,9037498.0,3010464.0,2903186.0,,85.616646,URY,South America,3390913.0,35.49599838256836,Increasing,2026-04-26
Northern Mariana Islands,14985.0,0.0,325047.2,41.0,0.0,889.3516,,,,,,MNP,Oceania,46101.0,35.17900085449219,Insufficient data,2026-04-26
North Macedonia,352093.0,0.0,191330.34,9991.0,0.0,5429.195,1862987.0,854570.0,838181.0,,45.547474,MKD,Europe,1840236.0,39.90999984741211,Insufficient data,2026-04-26
Anguilla,3904.0,0.0,274890.88,12.0,0.0,844.9514,24864.0,10858.0,10382.0,,73.10238,AIA,North America,14202.0,37.77299880981445,Insufficient data,2026-04-26
Ethiopia,501339.0,0.0,3998.4197,7574.0,0.0,60.406296,68856790.0,52489510.0,43653010.0,,34.815372,ETH,Africa,125384285.0,18.527999877929688,Insufficient data,2026-04-26
North Korea,0.0,0.0,0.0,0.0,0.0,0.0,,,,,,PRK,Asia,26328843.0,35.80500030517578,Insufficient data,2026-04-26
Falkland Islands,1923.0,0.0,547083.94,0.0,0.0,0.0,4407.0,2632.0,1775.0,,50.497868,FLK,South America,3515.0,40.935001373291016,Insufficient data,2026-04-26
Niue,1092.0,0.0,592190.9,0.0,0.0,0.0,4923.0,1638.0,1635.0,,88.66595,NIU,Oceania,1844.0,36.72100067138672,Insufficient data,2026-04-26
Eswatini,75356.0,0.0,61821.89,1427.0,0.0,1170.7075,870205.0,526050.0,427335.0,,35.058464,SWZ,Africa,1218921.0,21.76799964904785,Insufficient data,2026-04-26
Zimbabwe,266436.0,0.0,16580.682,5740.0,0.0,357.2082,13935112.0,7525882.0,5662119.0,,35.236153,ZWE,Africa,16069061.0,17.683000564575195,Insufficient data,2026-04-26
